artist_name,genre
Sadion,
,
Vivie Ann,
S.I.D (US),
Foreign Movies,
Evelyn Haidu,
Phaedon Papadopoulos,
The Last Light,
Sheahan Drive,
Ruspo,
Pharo Black Magic,
Niels van der Leest,
Bonsaye,
Violic,
The Indians,
Lekesch & Schekel,
Rees Shad,
Aswad,
Phello,
Zee Erf,
Sven Andersson III,
Charles Peiro,
Swen Vershoven,
Valante,
Ellroy,
Bongbeck,
Levorica,
Sigward,
Maricopa,
PALLADIAN,
Shortwire,
Veitengruber,
Cadillac,
"J.J. Abrams, Conway",
Fiona Elyse,
Gary B,
Patrick Muschiol,
Island Kizhi,
Weltmusik,
SIND,
Jeremy Ng,
Eddy Tyler,
 Icare Sandilas,
The Elder Statesman,
Zwanie Jonson,
Patrick Richardt,
Jeremy Glenn,
Lstn,
Nick & Samantha,
